ID;onBoarding_ID;personId;firstName;lastName;dateOfBirth;street;streetnumber;zipcode;city;email;phone;picture;
1c448326-5f44-11ec-bf63-0242ac130002;1c448327-5f44-11ec-bf63-0242ac130002;4-12345-987654-12-1;Jordane;D'Amore;1980-04-26;Bolivar La Democracia;77;13201;Danlí;mok@gavdilabs.com;+504 3323-9780;https://media.istockphoto.com/vectors/portrait-of-a-beautiful-girl-in-halfturn-young-hispanic-woman-avatar-vector-id1277370930?k=20&m=1277370930&s=612x612&w=0&h=E_reeAvN58YxQw4RvYYSe1iPHrE8hFQTP4O2Qo6akm4=
1c448812-5f44-11ec-bf63-0242ac130002;1c448328-5f44-11ec-bf63-0242ac130002;4-12345-987654-34-1;Trinity;Mertz;1977-02-24;Barrio Buenos Aires;21;13201;Danlí;mok@gavdilabs.com;+504 8222-8322;https://media.istockphoto.com/vectors/portrait-of-a-hispanic-woman-with-crossed-arms-vector-id1285470752?k=20&m=1285470752&s=612x612&w=0&h=RPzCanceUvcc0nMhBWVPL7qHQkhlcj6oW7ouM042atg=
1c448970-5f44-11ec-bf63-0242ac130002;1c448329-5f44-11ec-bf63-0242ac130002;4-41135-127654-25-1;Liliane;Ortiz;1962-01-10;Dia Buenos Aires;207;13201;Danlí;mok@gavdilabs.com;+504 7088-2211;https://media.istockphoto.com/vectors/portrait-of-an-old-woman-with-eyeglasses-latina-granny-avatar-happy-vector-id1179408149?k=20&m=1179408149&s=612x612&w=0&h=M6xjrkSdwQ7UzqJpTuIXxDNTzV-gz68srI20lL6CWE4=
1c448a56-5f44-11ec-bf63-0242ac130002;1c448330-5f44-11ec-bf63-0242ac130002;1-22745-987654-44-0;Rosanna;Jones;1989-10-02;Frente al Parque del Amor;11;13201;Danlí;mok@gavdilabs.com;+504 7072-9800;https://media.istockphoto.com/vectors/happy-selfconfident-young-black-female-doctor-vector-id1279322338?k=20&m=1279322338&s=612x612&w=0&h=BujEONQYm_y1BIDcP1FzFD7fxfy9o4xoW0Hk8LfhIsc=
1c448baa-5f44-11ec-bf63-0242ac130002;1c448331-5f44-11ec-bf63-0242ac130002;1-13315-082612-65-9;Pablo;Leannon;1988-09-14;Barrio Carmelo Abajo;22;13201;Danlí;mok@gavdilabs.com;+504 4452-7332;https://thumbs.dreamstime.com/b/profile-icon-male-hispanic-avatar-portrait-casual-person-silhouette-face-flat-design-vector-52547911.jpg
1c448c86-5f44-11ec-bf63-0242ac130002;1c448332-5f44-11ec-bf63-0242ac130002;4-90992-223232-51-2;Haylee;Jones;1961-04-24;Pulperia el Campo;377;13201;Danlí;mok@gavdilabs.com;+504 2323-5003;https://media.istockphoto.com/vectors/black-woman-with-curly-hair-in-a-bunch-smiles-and-looks-directly-vector-id1288829901?k=20&m=1288829901&s=612x612&w=0&h=zSCZj4A3ayX_WH0g8p2Pm1PrD91oIA-PWiTpz05HZd8=
1c448e98-5f44-11ec-bf63-0242ac130002;1c448333-5f44-11ec-bf63-0242ac130002;4-82201-230441-03-1;David;Simonez;1979-06-06;Col. Bella Vista;110;13201;Danlí;mok@gavdilabs.com;+504 3230-5522;https://thumbs.dreamstime.com/b/profile-icon-male-hispanic-avatar-portrait-casual-person-silhouette-face-flat-design-vector-52547844.jpg
1c448f92-5f44-11ec-bf63-0242ac130002;1c448334-5f44-11ec-bf63-0242ac130002;1-02211-779001-11-3;Ramon;Wunsch;1990-02-02;Colonia Las Brisas;90;13201;Danlí;mok@gavdilabs.com;+504 1099-3991;https://thumbs.dreamstime.com/b/businessman-african-american-race-profile-icon-hispanic-male-portrait-flat-design-vector-illustration-52523169.jpg
1c449064-5f44-11ec-bf63-0242ac130002;1c448335-5f44-11ec-bf63-0242ac130002;1-90101-400100-12-5;Catalina;Wolff;1999-11-20;Col. Bella Vista;101;13201;Danlí;mok@gavdilabs.com;+504 5410-0922;https://img.freepik.com/free-vector/portrait-black-woman_478440-225.jpg
1c4491e0-5f44-11ec-bf63-0242ac130002;1c448336-5f44-11ec-bf63-0242ac130002;1-80810-117202-60-2;Gwendolyn;Goyette;2001-12-24;Barrio Buenos Aires;18;13201;Danlí;mok@gavdilabs.com;+504 7710-2142;https://img.freepik.com/free-vector/portrait-beautiful-asian-woman-profile_350575-14.jpg
1c4492b2-5f44-11ec-bf63-0242ac130002;1c448337-5f44-11ec-bf63-0242ac130002;1-40455-302011-44-6;Theresia;Wyman;2010-02-02;Pulperia el Campo;281;13201;Danlí;mok@gavdilabs.com;+504 5002-8887;https://media.istockphoto.com/vectors/portrait-of-beautiful-latina-woman-confident-strong-woman-looks-vector-id1223632164?k=20&m=1223632164&s=612x612&w=0&h=Bk8ga6s6Our5ofvbrE84P_7C2C3kIBNRQdjlwyf7OiE=
1c449438-5f44-11ec-bf63-0242ac130002;1c448338-5f44-11ec-bf63-0242ac130002;1-33301-201201-41-8;Annabell;Jermaine;1988-11-11;Dia Buenos Aires;22;13201;Danlí;mok@gavdilabs.com;+504 7088-3801;https://media.istockphoto.com/vectors/portrait-of-a-happy-hispanic-woman-in-the-profile-face-side-view-vector-id1308279965?k=20&m=1308279965&s=612x612&w=0&h=-5sZLoY7aGTXMd2ncvoHQGA_unt5Ybp155WcUOpnoDQ=
1c44951e-5f44-11ec-bf63-0242ac130002;1c448339-5f44-11ec-bf63-0242ac130002;1-20101-899311-99-0;Mariana;Kulas;1999-01-14;Bolivar La Democracia;2;13201;Danlí;mok@gavdilabs.com;+504 2019-4303;https://media.istockphoto.com/vectors/latin-american-head-in-profile-hispanic-woman-races-and-nationalities-vector-id1173613806?k=20&m=1173613806&s=612x612&w=0&h=M-6rWHmvRtIpmA1BM8rGJ-tl9eqboUcNMRUVCh59pVU=
1c4495fa-5f44-11ec-bf63-0242ac130002;1c448340-5f44-11ec-bf63-0242ac130002;1-43011-102111-70-2;Devin;Fisher;1999-01-04;Frente al Parque del Amor;9;13201;Danlí;mok@gavdilabs.com;+504 7744-9877;https://media.istockphoto.com/vectors/profile-of-a-middleaged-latin-american-woman-a-happy-person-side-view-vector-id1288844332?k=20&m=1288844332&s=612x612&w=0&h=U0pzi1g4MTsqbvXhnUTLaDi64ds3k_UwJZJR1yIgJyk=
1c4497b2-5f44-11ec-bf63-0242ac130002;1c448341-5f44-11ec-bf63-0242ac130002;1-30111-770191-11-0;Melody;Pouros;2012-08-29;Barrio Carmelo Abajo;02;13201;Danlí;mok@gavdilabs.com;+504 1099-6730;https://us.123rf.com/450wm/moremar/moremar2106/moremar210600020/170758824-portrait-of-a-young-hispanic-woman-in-profile-the-head-is-on-the-side-diversity-avatar-vector-flat-i.jpg?ver=6
53b0858a-5f44-11ec-bf63-0242ac130002;1c448342-5f44-11ec-bf63-0242ac130002;1-90911-429911-70-1;Teagan;Johnson;2002-03-30;Colonia Las Brisas;88;13201;Danlí;mok@gavdilabs.com;+504 1031-9942;https://us.123rf.com/450wm/moremar/moremar1910/moremar191000004/134871434-head-of-a-little-african-girl-in-profile-the-face-of-a-happy-child-on-the-side-portrait-avatar-vecto.jpg?ver=6